Top,Top,Brazil,Italy,Australia,Portugal,United Arab Emirates,Romania,Sweden,Norway,New Zealand,Ireland
Top 1,Top 1,228350.20411895594,12603.024506593885,5111.361150768183,1951.8765640859858,2680.448624087838,1491.6073772127704,2891.4426792012396,865.6712050536172,7163.578254344774,9205.518798496692
Top 2,Top 2,168422.21777430072,7722.398314604056,3666.9074332997156,1242.5383914583667,2016.4593202528813,998.3001808318262,2027.5473777528332,524.1138588419859,4269.019315486275,6375.674130810673
Top 3,Top 3,149498.58549322822,5260.801284839563,3090.820320174462,793.5780635739492,1653.1700904907225,801.3111819385896,1629.1129068261976,416.150329867045,3285.9615626664086,5199.413395447206
Top 5,Top 5,128495.43318126861,3182.3150629275033,2153.2667831274803,463.3194002048147,1272.1926210772226,510.00117933799817,1156.2047030160784,326.8350468059575,2330.210969647093,3511.734949056146
Top 10,Top 10,89296.48059904698,1619.0468239894078,1465.6333907451308,292.9250753361019,906.182123676396,293.81410004414954,735.4281122243978,220.8344910851064,1338.0508302270416,1704.7257034253134
Top 50,Top 50,16050.113692937626,356.6893728281288,406.6497269119438,55.52174630553564,214.98014345476062,47.577851427603754,135.91456251235707,43.18541158997637,254.8668248051508,409.13416882207525
Top 100,Top 100,6635.559371285168,152.65718014043372,186.3811248346409,22.017244224608962,91.16246589537317,18.363381252759346,55.85529966261249,17.666759286808514,100.12625260202353,170.47257034253136
