Top,Top,Brazil,Italy,Australia,Romania,United Arab Emirates,Portugal,Sweden,Ireland,Norway,New Zealand
Top 1,Top 1,45980.130684743446,11114.327503974562,1019.3018584891823,1209.593509689733,1726.1103362471406,704.1007639240472,458.1090209512966,228.86005743817327,196.26838480337702,174.57448568749658
Top 2,Top 2,38686.8489209821,4564.813081989552,805.2593003197218,821.47176614581,1352.2841548541885,585.2098563057272,404.9056505474174,223.24385970962916,173.58942457231726,155.25585164380598
Top 3,Top 3,35564.57749196869,3822.500113558937,687.1892657019524,761.2550457721254,1177.7004237023348,401.1761909869533,360.6628477905073,134.2622269480081,132.4705620973117,123.92196959733224
Top 5,Top 5,28722.373184114138,3178.555530320236,488.96159290331235,572.1903211054041,1015.9392264768885,338.82833708222853,291.2184485264966,93.89580577409717,93.47122861586314,96.82876331654667
Top 10,Top 10,18010.739738717628,1494.159436747672,332.32923505258356,399.9547235300182,825.0807407261332,229.82708904879587,179.7713884173181,48.264199229676116,54.25994223505887,57.48471593488416
Top 50,Top 50,2080.0042227897397,221.43720190779013,57.626842584085544,37.86553595550468,173.10420800649896,28.59401575630482,24.36154329019731,7.722271876748178,10.173739169073539,8.245758433282564
Top 100,Top 100,961.6945473134889,92.30161253690665,24.26393371961497,14.462531094116372,66.08536715917624,11.824592981930564,10.640674080775838,3.159111222306073,4.451010886469673,3.062710275219238
