Top,Top,United States,United Kingdom (UK),France,Mexico,Germany,Spain,Canada,Austria,Denmark,Finland
Top 1,Top 1,49812.412379208734,19834.92630744971,11832.261502335301,35437.94039851878,6276.132490264228,5690.421572815775,5240.001154066887,608.4097744360903,651.6705313035588,517.1900800485842
Top 2,Top 2,43223.12595256304,16126.100897146724,8716.24519392047,27714.286721918532,5060.216908839664,3687.1774286036625,4336.444869147238,460.07518796992485,363.90840810565584,390.7238925914486
Top 3,Top 3,39064.147328337596,13500.053375086558,6287.163832477485,24578.580686197947,4228.901637284872,2423.9577770838005,3650.1798015352565,391.0639097744361,309.01224921867123,302.00880586778635
Top 5,Top 5,31371.562171304467,8832.907305074414,3976.0632725208366,18862.914703881906,3308.2433733930748,1832.801185253839,2934.2130567373347,284.77067669172936,225.78258897066237,216.1250516991346
Top 10,Top 10,18946.74063957961,5385.442074692109,2115.9360565633624,11609.819759679573,1974.0546878271434,1248.1171108526732,1780.5373849887183,155.47368421052633,130.15702187720535,112.30952468208305
Top 50,Top 50,4898.74804943914,1363.695632647358,541.3885376616004,2324.3978764138346,433.9516770654496,235.16813324622538,465.84735796895353,35.695488721804516,39.843986288940414,17.931772848399813
Top 100,Top 100,2407.4283356610613,604.5065385920492,230.44848140789097,941.1174647958284,201.65989698923835,101.40277305112471,206.34849413389887,15.071428571428573,17.708438350640186,6.606442628357827
